{"id":{"0":0,"1":1,"2":2,"3":3,"4":4,"5":5,"6":6,"7":7,"8":8,"9":9,"10":10,"11":11,"12":12,"13":13,"14":14,"15":15,"16":16,"17":17,"18":18,"19":19,"20":20,"21":21,"22":22,"23":23,"24":24,"25":25,"26":26,"27":27,"28":28,"29":29,"30":30,"31":31,"32":32,"33":33,"34":34,"35":35,"36":36,"37":37,"38":38,"39":39,"40":40,"41":41,"42":42,"43":43,"44":44,"45":45,"46":46,"47":47,"48":48,"49":49,"50":50,"51":51},"rate":{"0":0.00155521,"1":0.0124416796,"2":0.0062208398,"3":0.0108864697,"4":0.0870917574,"5":0.0373250389,"6":0.0217729393,"7":0.0124416796,"8":0.0046656299,"9":0.0451010886,"10":0.0139968896,"11":0.0031104199,"12":0.0077760498,"13":0.0031104199,"14":0.0233281493,"15":0.0373250389,"16":0.0233281493,"17":0.0139968896,"18":0.0124416796,"19":0.0373250389,"20":0.0233281493,"21":0.00155521,"22":0.0248833593,"23":0.0466562986,"24":0.0139968896,"25":0.0031104199,"26":0.0077760498,"27":0.0124416796,"28":0.0124416796,"29":0.0124416796,"30":0.0046656299,"31":0.0155520995,"32":0.0046656299,"33":0.0062208398,"34":0.0730948678,"35":0.0590979782,"36":0.00155521,"37":0.0062208398,"38":0.0466562986,"39":0.0,"40":0.00155521,"41":0.0124416796,"42":0.0062208398,"43":0.0093312597,"44":0.0357698289,"45":0.0031104199,"46":0.0482115086,"47":0.00155521,"48":0.0419906687,"49":0.0373250389,"50":0.0077760498,"51":0.0031104199},"state":{"0":"AK","1":"AL","2":"AR","3":"AZ","4":"CA","5":"CO","6":"CT","7":"DC","8":"DE","9":"FL","10":"GA","11":"HI","12":"IA","13":"ID","14":"IL","15":"IN","16":"KS","17":"KY","18":"LA","19":"MA","20":"MD","21":"ME","22":"MI","23":"MN","24":"MO","25":"MS","26":"MT","27":"NC","28":"ND","29":"NE","30":"NH","31":"NJ","32":"NM","33":"NV","34":"NY","35":"OH","36":"OK","37":"OR","38":"PA","39":null,"40":"RI","41":"SC","42":"SD","43":"TN","44":"TX","45":"UT","46":"VA","47":"VT","48":"WA","49":"WI","50":"WV","51":"WY"}}